indexSequence,SequenceN,SequeneP,PosInit,PosFin
g6902.t1,ATGGCCGACATGCGCTTGTTTCACCATTTTCTCATCACGGCATACCCACATCTACCTGTAGGGGCTGACAAGATTTGGATTACAGTGATTCCTAGTTTTGCACACAACGTAAGTTCTTTTTTACGACCTCCCGAGTGTAGAGATTCCTGAGCGGGGACGCTATAGACTTTTAACTCGCAGGCTGATTTTCGTAGTACGAATATCTTATCCATTCGATTCTCGCACTGGCCGCGTCCCACCTAGATGCCGTAACGAACTCTGGTGTTGCGGAACAGGCATTACAACATCGGATCCTGGCCGTGAAGTCGCTCAACGATGCTTTGTCAGTGCCCTCGAAAACGTCATGTGAGCGAGACGCTAGGATGGCCGCAGCTCTAGCGCTCGCATTCCAGTCGAGTCATCTGCAAGATGGACTGGCGGAATTCCTTACAATGGTACGCGGGTGTAACCTTATTGCGGGGGACGAAGTGCTGAATAAAGACTCGGCCTTCCACGTGAGCGTTTCCTACTTTCGCTGAACGAGAATCCGGTCTGACAGGAATTAGGACTTTCGCGAAGATGGCCATCTCCAGGCGATGCGCAGTCGTATCGGTACCTCATCGCTAAACTGCGTCAATCACGAAGATCTTGACCTAGCCTCTCGCTCTCTCAACTCAGTCGAAGCTCTCAACATGTCCGACTGGGAAAGAACATACTGGGAATTCCTTGTCCGGGTCATATACCACGCATATGAAAGACCAATCGAGACATACACTACTTTTGTTACGCTGTACAACATCCCATCAAGGTGGACACATGACGAGTTCCAGGCTTTCGTTGACCCCAATAATACTGTCGCGCAGATATTGCTGGCTCATTTCATTGCTATCCAAGCCGTTCTCACGCCAATTCTCTATCTTGAGAGAGTAGGCTTCCAGGGAGTCAACGCACCTACAGCCGTATTGGGCTGGATCGAAGGCATCTATTGGAATGTACCACATCACCTTAGGCACCACGTTGAATGGCCTAGACAAGTATCAAGATATCCTTTCATGAG,MADMRLFHHFLITAYPHLPVGADKIWITVIPSFAHNYEYLIHSILALAASHLDAVTNSGVAEQALQHRILAVKSLNDALSVPSKTSCERDARMAAALALAFQSSHLQDGLAEFLTMVRGCNLIAGDEVLNKDSAFHDFREDGHLQAMRSRIGTSSLNCVNHEDLDLASRSLNSVEALNMSDWERTYWEFLVRVIYHAYERPIETYTTFVTLYNIPSRWTHDEFQAFVDPNNTVAQILLAHFIAIQAVLTPILYLERASIGMYHITLGTTLNGLDKYQDILS,32890,33924
g6268.t1,ATGGTCAAGTCCCCTCCGTTCCCCCATCACCAGTTAGCAATTCACCCCCTGCACGACCGGGGTTTTGCGGCACACCAACATTCCGCGTTGAGCACAGTCCACGACAGCCGCTGGATCGTCGGCGCCGCGGACTTGAACGGCTGCATTCCAGAGAACTCGTCGCGGATAGACTTGCAATCAAAAATCATATTGGTTGATCGGTGCCACCCCGACCCTATATGGGACCGTTTTAAGAAGGGTGGCGTACCGACGCCGGCTCAACAAGTACCTTGGGGTACCTGCTCGTACCTAAGACCCACTCGCTACTCGAGCGTGAGCCGTTTCCCGTTGCTGAGCGATCAAAATCATTCCTGGACAATGATTGGCGGATGCAGCTCACTTTGCGGTGCATCCGCTAGCAGGCGAGCCGCTGACAACACGGGACCTGGCATCCTTCGCCATCGCCCAGACCCTCTCACTGTGCGTTCCCTGGCTCGAGATGCATCCTGGCAGCCAGCACTACCCGCCGCGCTGCCAGTCATACTGCACCCTCAGTGAA,MVKSPPFPHHQLAIHPLHDRGFAAHQHSALSTVHDSRWIVGAADLNGCIPENSSRIDLQSKIILVDRCHPDPIWDRFKKGGVPTPAQQVPWGTCSYLRPTRYSSVSRFPLLSDQNHSWTMIGGCSSLCGASASRRAADNTGPGILRHRPDPLTVRSLARDASWQPALPAALPVILHPQ,51042,51578
g3656.t1,ATGACCGACGCATTCCGCAAAGATACCCATACCAAGATCGGCGAGGCCATGGTACGTCCCTCCTCCCACCTCTCTCATCCCCTACTCCTATCCCAACTAACAGTCTGGCCTTAGCAACCCCAGTCGTCAAAGTCCACCGGCACCAAGATCAAGGAATCCTTTACCGGCACAGCTGACAAGGTGGCGCGCGAAGCGCAACCCGACTCCTCCAAGACCAACACGCAGTCCACCATGGACAAGTTCGGCCGCTCAAAAGACCGCAACACCCACGGCTCCACCGGCGGTAGCATTGTGGATAAGACGAAGAATGCGCTGGGTAGGGGACATCACACTACTACGCACACCCATGGTAGTGGTTTTTGAG,MTDAFRKDTHTKIGEAMQPQSSKSTGTKIKESFTGTADKVAREAQPDSSKTNTQSTMDKFGRSKDRNTHGSTGGSIVDKTKNALGRGHHTTTHTHGSGF,50500,50862
g2429.t1,CTAGTTCGCAACCCTCTTCACCCCTTGATCCTCTCGTCCAAACCCCTCCTTCTCCCTCAACCCCCTGCCCTTGTTCACCAACCCCTCACTCCCCACCACACCCCCAACCCTTTCCACAATCTTCCCCAGCATAGAATCAGCCACCGGTCCCCCCATCTCCCCCGTTTTATTCCCGTACCCGGCGCCGCCCGTCGACCCGCTGCCGAGCGGCGCAGGGTTCGAGTACGGTGTCGTGGAGGCGTGCGAGCCGAAGCGGAATTCGGAGTTGTCAGTTGAAGGGGTGGAGAAGGAACGTTTATTTCCTTAAGGGGGTGTTAGGGGTGGGTTGAAGGGGATGGATGGATGGTTAGGGAAAGGGGAAGAGGGAGAGAGTGAGAGAGGAGGGGGATGTGTACCAAACCCTGCACCGCCTGTGATGCCTGAACCGTGTTTTTCATGCGGATTGTGGTAGGGCGTGTGGGAATCTACGAGGCCGAGACGTGTGCTTGTGTGTTGGGATTCTAGGCCTTCGGCTGTGTAGTCCTGTGCTGTACGGTTGCCGTAGCCTGCCATT,MAGYGNRTAQDYTAEGLESQHTSTRLGLVDSHTPYHNPHEKHGSGITGGAGFGNKRSFSTPSTDNSEFRFGSHASTTPYSNPAPLGSGSTGGAGYGNKTGEMGGPVADSMLGKIVERVGGVVGSEGLVNKGRGLREKEGFGREDQGVKRVAN,90002,90553
g7396.t1,ATGAGGCGAAATAGTTTCGACCACCGTCTACTGTCCCGCGTATTGAGTGCGTGTGCTGTATCCGCGCCGGTCTTGTTTCGTCGTGCTCTCGATCCGTGCTGCTCCCCCCTTGTCTATCCCCATATCAGGCGCTCGCCATTGCCCTGCGTTGCCATCTGGCCAGTAAGCGTTGCAGTGGAACAAGGCCGACAAGACGTGTTGCTCCCTCGAAACCACGTTCATCTATAACGTCCACCACAGCCCATCGAGCAGCCTGATCCGCGGCCTCTCCCGCTGTCCACGCACTCTGGAGACGCTGCTGCCGTGCCGTGCGCCCTACTGCAGCTCCTTGCATCGCACGAGATCCCCACGAACAGCACACGACAGACGACAACCGCGCATCCCCCCGTCCCTGACTTCGCGACGACACGCCTCTTTTTGCTGCATCCCACCGCGACGCATGAGTGCATGAGCAACGACATCTGCCGCCTTCCTGCCTTCGTTGCTTTCGTTCGGGCCTGTCACGCTGGTGTCGCGCCGCTAAAATCGGACGACACGGGAAGCGTGCCCAGGTGCAGGAAAAGTGACGCTGGACCCTAAA,MRRNSFDHRLLSRVLSACAVSAPVLFRRALDPCCSPLVYPHIRRSPLPCVAIWPPIEQPDPRPLPLSTHSGDAAAVPCALLQLLASHEIPTNSTRQTTTAHPPVPDFATTRLFLLHPTATHECMSNDICRLPAFVAFVRACHAGVAPLKSDDTGSVPRCRKSDAGP,7216,7794
g2220.t1,CTACCCTTCTAAATCCTGCGAGAAATCCGCTGCGCCTTCGGCCGTGTAACCGTCCGGCCATTGTCCTGTCATTCCAAATATGGCTGTCGCTCGACTGCCGATTGCCTTCGCCATCGCATGCTTGGCCACCTTCATCTCTAACTCCTTCATACTCACGGTCCCGTTAAGGACGCTTGGTAGATATAATGCCGACATTGCGGCGATGTCGCAACTAGCTCCAAGATGAGGACGGATCTGAATAAAGGCTTCGCCCACCAGCAGCAGCTTCCCTCCGAAGAAGGAAGCTCTCGTATTATCGAATGAACGAATGGCTGTCAGCAGTGGCGGGCGAGACTGCTGGAATATCTTTCTCCACATTGGGGAAAGATTGACCTCCCTGCGTTCGATCTGCGCCTCCCAGACCTCTGGGCGAAGCTGTTCCGACGGTACCGTGAAGTTGTGTCGCACGCCCTCTCCATCGGTCATGTAGTCGGCAAAGATGGGAGTTGATGCATCGCATGCGTCGTACCAACACCATTCAATTACCCTCTCACCTGGCCGCATGCTCCCAATCTCATTCGGCGTTAGATAACTGCAGGTTTTTAGCGGGCGCAGCGAAAAGCATGTAAGACACGTACACCACAAGATAGCTACCGTCAAGCATACATTGAGGTATTTTGCCATCGATAACGCAGCGCAACTCTTCTGGCACATCGCACTCTGAGAGATACGACCTCCACGCCAGGTAACCCACGTATTCCGCCTTCACATCGGGCAGCACGATACTCCGGACCTGGGAACGTGCACCGTCCGCGCCAACGACAAGATCAGCCGAGAGATCATCCTCGGTTCCATTTTTGCTTTTGTATGCAACCACGACTTGGTCACCGTCATCTGTCAAGCCGCTTACTTGGCTCTTGCACTGTATCGTCACGGTTCCATGCCCGTCGACGTCCCTTTCACAGGCCATCCAGAGCAAGCCGTGAATCCCGGCCCAACACGAAGTGCGCACGTCCTCTGTGATCGGCACATCTACCAACACCTTTCCGTCCTTGTCCATGATTGGGAAGGTCGGATTGCGTATGACTATGTCATTTAGGTCGATGTCAGGAATATAAGTCTGAAGAAGGTTGCGGGCATTCGGCCAGAGACTCAAGCCGGCAGCTCGAGCCTTCATCTGCTGTTCGGTGCGCATCTCGAGCACGACGACATTGTGACCGTGCGATTTCAATACCAAGGCATGCATGAGCCCAGCAATAGAGCCGCCAATCTGTGAATGGAATCAGTTGCGACTACCATATCGTATCGGGCCATACATACTACTACGACCCTTTTATTCATTGTTCCCACCATG,MVGTMNKRVVVIGGSIAGLMHALVLKSHGHNVVVLEMRTEQQMKARAAGLSLWPNARNLLQTYIPDIDLNDIVIRNPTFPIMDKDGKVLVDVPITEDVRTSCWAGIHGLLWMACERDVDGHGTVTIQCKSQVSGLTDDGDQVVVAYKSKNGTEDDLSADLVVGADGARSQVRSIVLPDVKAEYVGYLAWRSYLSECDVPEELRCVIDGKIPQCMLDGSYLVVYLTPNEIGSMRPGERVIEWCWYDACDASTPIFADYMTDGEGVRHNFTVPSEQLRPEVWEAQIERREVNLSPMWRKIFQQSRPPLLTAIRSFDNTRASFFGGKLLLVGEAFIQIRPHLGASCDIAAMSALYLPSVLNGTVSMKELEMKVAKHAMAKAIGSRATAIFGMTGQWPDGYTAEGAADFSQDLEG,2993,4324
g1754.t1,ATGGACATCCCCGAAAGCGACTCCTCTGTCCCCGTAGCCAGTGACTCGGTCTTCAGTATTTCACGCCCTTCGTCCGCCTCCTCAATACATATCGCCGATACGCCGAAGGACCTCCCAGCGGGCGCCCCCGAGTCTGTTCTATTCCAGGTTCGACATACGCCGACCGCCGGTCGCGCCGTTTTCGCTACCCAAGGTATCCCCGCAGGCACACTCGTATGGCGGTCAGAGGACCTCGCATTGTCTGTTCTACTACGCGAGTATAGACGTGAGGTGTGTGGGCAGTGCTTTGGTTACGATTACGGGCGGGATTTGAGTATACGAGATAAGATCGTGGGATTTGCGTTTTGCTCGGAAGCGTGCCAGGAGAAGTGGCGGGAAAAGCAGGGCGAGGTTGGTGTTCAGGCATGGACTGCGGTAGAGAATCTCGTGAGAAAGAGAAGTAAGGAAGATAGTGACATGGTAGATGGTGACTTGCCACGACCGAGGGTCAAAGAAATCAACCAAGCTTGGGAGAATGCGGAGGCGCAGGCAGCGCTCATACGGATGGCAAGAGAAGGCGAGCGGATAAACGCTGAAGGCGATACACCTGCTATGTCGATTACGAAGCAGTACAAGAAGGCGCTGTCGAAAGCCCTGCAACAACGTATTGCACCCGATGTGATGAGCTTTTGTGTCAGCGGCATCATCTGGCGTTATCTCTATCCCGAGCAGTGGGAACGGGTACAAGCCCTCGCCGACGACAAGACACCCTACCACAGCTCGGACGACCTCAACGCCTTTATAAGGACCTACCTACACCTTCTCGCGATTCTGCCCTTATCGCTGCTTCCGCATGTGACTGCAAGGACTCTTCTCACGCTCTCACAGCGCGACTCGCACAACTCGTTCGGTATCCGCTCTCTCGAGGATGAAGGCTCGGAGTTCTTCGGCTACGGCTGCTGGCCCGCTGCCAGCTACTTTAATCACTCATGCGGGCCAAACATGGAAAAGAACCGAGTGGGTAGAGCATGGTACTTCAGGGCTGGGAGAGACATTGAAAAGGGGGAGGAGTTGTGTATCACGTATCTGAGTGGGGAGGAGAGGAAACTAAGTCGTGGGAAAAGGATGTTGAGACTGAAGAAAACGTGGGGATTTGATTGCGCGTGCGAGAGATGTGAAGGGTTGTAGT,MDIPESDSSVPVASDSVFSISRPSSASSIHIADTPKDLPAGAPESVLFQVRHTPTAGRAVFATQGIPAGTLVWRSEDLALSVLLREYRREVCGQCFGYDYGRDLSIRDKIVGFAFCSEACQEKWREKQGEVGVQAWTAVENLVRKRSKEDSDMVDGDLPRPRVKEINQAWENAEAQAALIRMAREGERINAEGDTPAMSITKQYKKALSKALQQRIAPDVMSFCVSGIIWRYLYPEQWERVQALADDKTPYHSSDDLNAFIRTYLHLLAILPLSLLPHVTARTLLTLSQRDSHNSFGIRSLEDEGSEFFGYGCWPAASYFNHSCGPNMEKNRVGRAWYFRAGRDIEKGEELCITYLSGEERKLSRGKRMLRLKKTWGFDCACERCEGL,5603,6769
g13.t1,ATGCCTCCCATCGCTCGCCCCCGCCGTATCGTTGGTGTCTCGCTGAAGATGTACTTCGACCTGCCCAGCACTCTCTCCTACATCCGCGGCGTCTTGCAACTCGACGGCGACGCCTGGAACGCGCGCATCGATCTCTTCGTCATCCCGGACTTTGTTGCGCTGACTGAGTCTGCCCGCATCCTCGAGTCGTCGTCCATCCTTCTTGGCGCACAAGATACATTTTGGGAAGACAAGGGCGCATACACGGGAGAGGTCAGCCCGCTCGTGTTACGCCAAGCAGGCGCGAGCATCGTAGAGATTGGCCATGCGGAGAGGCGAGCCATGTTCGGCGAGACCGACGACTCGGTCGCGAAGAAGGCGGGTGCTGCTGCGAGAAACGGGCTCATCCCTCTGGTGTGCATCGGCGAGAAGACCCATCACAACGTCGCATCCGCTGCGGTAGGAGCTGCTATACGGGAATGCACGCCGCAAGTCATGTCAGTGCTGGCTGCAGTGCCAGACGACACCGACGTCATACTGGCCTATGAGCCTGTGTGGGCCATTGGCGCAAAGGAGCCTGCTGGCGCTGACCATGTAGTCAACGTAACAAAAGAGCTGAGGAAGTTGGCTTCTGGCCGGAAAGGAGTTACAAGAATCGTCTATGGCGGAAGCGCCGGACCAGGCACCTTTGCAAGGATTGCGCATGGCGTAGACGGCTTGTTCCTAGGTCGTTTTGCACACGACATCAACAATCTCAACAAGGTCGTACAAGAAGTGGGCGGTGCTCGAGCTGTTGAAACAGCACGAGAGGAGCCCTCTTGAT,MPPIARPRRIVGVSLKMYFDLPSTLSYIRGVLQLDGDAWNARIDLFVIPDFVALTESARILESSSILLGAQDTFWEDKGAYTGEVSPLVLRQAGASIVEIGHAERRAMFGETDDSVAKKAGAAARNGLIPLVCIGEKTHHNVASAAVGAAIRECTPQVMSVLAAVPDDTDVILAYEPVWAIGAKEPAGADHVVNVTKELRKLASGRKGVTRIVYGGSAGPGTFARIAHGVDGLFLGRFAHDINNLNKVVQEVGGARAVETAREEPS,58472,59272
g41.t1,TCAGACACGGCGGCACGTTAGGAACAGGATTTTGAGATCGACGAAGCTGACGCCATCCACAATATTGACGAACAACTCGTCAGGAAGCAGTACTAGCGCAGGCTCTGGCTGTGGCAAAGTGGCCATGTAGGTTGATAGGTCTGGTCGTACAATTTCCAATGCAGATTTGGCCATGGGCTGAGATGGCGGGGAAGGAAAGGTGCAACGGAGTGAGGGAAAGAAATAGCGAAGGGGTGAGGAGTGAGGGGTGAGGGAGATAACAGGAGCGTAACTATCCTCGGTCAGCAAGGAGAGGGTGGGACAGCCAATGCTGCTTTCACTTCATAGCGTGCTTTGATGTGACACTGGTTTGGCCACCCGCCGGCCATCTCTTATCTCCATGGACTGCGTAAATCCATTCCCAACATCACAACCACCAGGTACTGCTTGTCTGGATAGTAACAGGTCTACGTCTCTAATATGAAGCTTACCATACATTTAGTGCGGCCGCGCCAGCAAGCATCAGCAACGCAGAGCCCTCGATACCATACCTAGCCGCACCACCCGTGCTCTCAGGCAGTGTCACAGAAGTACCACTGGCCGAAGATGTGGGCTGCATATCTGAACTGGAAGCCATGCTTCCCGTGGCGCTGACCGTCTGGCTAACCGGGATGAGCCCGGTGTTTGCAGACGTAGCAACCGCAGTCGGCTCCACGCTCTCTCCAGCAGCAGTTGTCGTCCTACTGGGCGCCGCACTGCTCTCCTCCACCAGCAAGCTCTTGCCCGCGACCACACTCGCAGTCAAGAACTCAACATCATCACCTGACAGAACCGCAGTAACCGGCTTACCGCCAGTATCGTCATTGCCTCCCTCCTGCTTCACCGTGCACGTCATCTCGACTTGTTTCGTGTTGTAATCACAACCCAGACTCATGGACACGCTATCCGCGTCCATGGTGGCTTGGAAGCGCGTTTGCGAAAGGATGGTTACGTCTAGGCCAGGTCCCCAACCGCACTCTGTGTCGTCGGCGTCGGTGGGGCATGCGATGTGGAATTCGGTCATGGAAGGGTTGGCCGTATTGATGGTCGCCACAGGGTCGATACCGTCATAGCCTGTTACGGGCCCATGTTAGAGCGGTTCAGGGCAAAGACAGGGACCTCGGCGATCCTTATGAAGGGAGAGTTTGGCCGTGGCCGTGACATACCACCAGGGAAAAAGAAGCTGACAACATCTTGAGCACAGACTGAGGTAGCTAGGATGGAAAGGATGGTAGTGGTTGATTGACGCATA,MRQSTTTILSILATSVCAQDVVSFFFPGGYDGIDPVATINTANPSMTEFHIACPTDADDTECGWGPGLDVTILSQTRFQATMDADSVSMSLGCDYNTKQVEMTCTVKQEGGNDDTGGKPVTAVLSGDDVEFLTASVVAGKSLLVEESSAAPSRTTTAAGESVEPTAVATSANTGLIPVSQTVSATGSMASSSDMQPTSSASGTSVTLPESTGGAARYGIEGSALLMLAGAAALNVCYAPVISLTPHSSPLRYFFPSLRCTFPSPPSQPMAKSALEIVRPDLSTYMATLPQPEPALVLLPDELFVNIVDGVSFVDLKILFLTCRRV,174378,175646
g2017.t1,ATGGCGAGCACTCAGGACTCCAAGCCCCTCACATTGACCGTCCTCGGTTCCGGTATGGCCCAGTTTCTTACAAATGCGTTTCAATGCCCCACCTAAGACATGATGGCACTCGTCAGACCAGCTTGGGGAATCGTGAGCATGACGAAGCTGTACGATACATCATGGCCCTTCTTCAGATCCACGGTGTCGTTATCGGTGCTCCGCGGATACCTCCTTGCTCCATGCTTGCTTGCACTGCTTAGCCTGACGTCCTGATCGTCTACTAACATACCCTTCCAGGAACAATGGGCATAGCCATCATGGGCGGCGTAATGTCCTCCCTCGCCTCCGCTCGCACCAAAGCCGCCATAGACCCTGCCTCTGCCCCAAAAGACGTACCCAACCTCTCCAACTTCATCGCTTGCGACCAATGGGCCCCAGCTGAAGAGAACGTCCGCAAGGCCCTTGGCCACTACAACTTCCCTCTACAGACCCTCACGAACCAGAATCTCAAGGGAATTCAAGAAGCCGACATTGTCTTGCTGAGCTGCAAGCCCCATGGCTTCAAGACTATTCTCGGTGAGGAAGGTGTCCGGGACGCGCTCAAGGGAAAGGTGTTGGTTAGTATATTGGCGGGCGTGACAAGAGAGCAGATTGAAGCTTTCTTGTACCCCGATGGTCCCGAGAAGACGGAGAACGCATGCAGGGTAGTCAGAGTGATGCCTAACACAGCTTCGTTCGTTGGCGAATCCATGTCCGTGATTCAGACTTCGGATCCGCCGCTGAGCGAGAAGCAGTACAAGCTTGTGGAGTTTGTCTTCAGCTCTATCGGTCGCGTTACCAACCTTCCGCCTGCAAACATGGACGCTGCGACTGCGCTGTGTGGATCCGGTCCTGCTTTCTTTGCGTTGATGCTCGAGGCTGCGGCAGACGGTGCGGTTGCCATGGGTCTTCCGAGAGCGGAGGCTCAGATGATGGCTGCGCAGACCATGAGGGGAACGACGGGTCTGGTGCTCAATGGTGAGCACCCGGCTGTGCTGAAGGACAAGGTATCAACACCTGGAGGTTGCACCATTGGTGGTCTCATGTCACTAGAGGAGGATGGTGTTCGCGGCTCGGTCGCAAAGGCCATTAGAGAAGCCACTGTCGTCGCGTCGAGGCTAGGAGGAGAGCAGAAAGAGTTTGTCAACCACAGGCGGTAGA,MASTQDSKPLTLTVLGSGTMGIAIMGGVMSSLASARTKAAIDPASAPKDVPNLSNFIACDQWAPAEENVRKALGHYNFPLQTLTNQNLKGIQEADIVLLSCKPHGFKTILGEEGVRDALKGKVLVSILAGVTREQIEAFLYPDGPEKTENACRVVRVMPNTASFVGESMSVIQTSDPPLSEKQYKLVEFVFSSIGRVTNLPPANMDAATALCGSGPAFFALMLEAAADGAVAMGLPRAEAQMMAAQTMRGTTGLVLNGEHPAVLKDKVSTPGGCTIGGLMSLEEDGVRGSVAKAIREATVVASRLGGEQKEFVNHRR,74353,75533
g105.t1,TTATTTCCTCTCCTCGGGCGCTTCCGTCTCGCCTTCGTGTTCAGTGTTCCCTTCTTGAGTGCCTTCCTGCTGCTCACTCGGATCCTTGGCCATGACGTTCTCAAAGTGACTCCATAGCGACTCGACGGGCGCGAACTCGTTGCCGACAGAGGTGACTTCTTCAAGCGAGCGATTGAGTTTGTTAATGTTTTGTAAAACGACCTCTAGACTCTGCGCCTACGGTCAGCATGTGGGACTAGTACCATGGCGGCGCGAGGGCTGCAATGTCGGTGAGGGTGTCGCAAGAGGGAACGCACTTGTGCAATTTCCGTGACCAGCATCTCGCGCTGCTGCTCATAGTATGTCTTTGACGGTGCAGCTTCCTGGCCGCTGGCAGATGCCGGAAAATAGGGTGGTGCCATG,MAPPYFPASASGQEAAPSKTYYEQQREMLVTEIAQAQSLEVVLQNINKLNRSLEEVTSVGNEFAPVESLWSHFENVMAKDPSEQQEGTQEGNTEHEGETEAPEERK,55701,56101
g5751.t1,ATGTCTTTCAAATCATTCTTCGTCTTCATACCACTCCTCTGGCACGGTGCCACGGCATTGCCTGCTGGGCCTGGTGCCTGGCCGTACGGTGATTCTATCATTTATTCGTCCCCGGTCGACGGTCAGGCCTCGGCGGCCTACAATTTGATCGATACGTATAATGCGAGTAACTGGAACAGCAAGTTCGACGTCCAGGATATCGCCGATCCTACACGTAAGTTGACATACCAAAATATTTCACAAATTTGCTCTTACATCAGAGGTAGACGGCTTCGTCGATTATGTCAACGCTCAGCAAGCGCAACAACTTGGCTTGATGAAGACGCAAAACGGTCAAGTGTACATGGGAGTAGATTCTACATCTCACCTCAACCCAAACGGACCAGGGCGAAAAAGTGTCCGAGTGCAGAGCAAGACGGCCTATAACCGCGCACTCGTCATCGCAGACTTTGCACATGTCCCCGGTAGTGCATGTGGCTCCTGGCCCGCCTTGTACGTCACTACCACACTTGCAACAACATTCGTGAGCTAACGTCTCTCGAAGCTGGATGGTAGGTCCCAACTGGCCCAACCAAGGCGAACTCGACATCTATGAAGGTGTCCACCTCGCCAACACCAATCAAGTCACACTTCACACATCTCCCGGCTGCAACCCGGCCATCGGCCCAGGTGGCGAAACCGGTCGCCGCCTCGCCGGCGACTGCGGCGCAGGCGGAGGTTTCAACGGCTGTGGAGTATCAGCCGATAACCCCGTTACATACGGCACGCCATTCAACGCCAACGGCGGAGGCGTCTATGCCACCCTCTGGACCAGCTCCGGTATCAAAGTATGGTACTTTGCCACTCGCAACATCCCCGCCAACATCAAGAGCGGAAACCCAGACCCAGCGACGTGGGGTCAACCGATTGCCAACTTTGGTAATGGAGGTTGTGACTTCGATGCCAGGTTCCGCGACATGAATATCGTCTTTGATATCACGTTTTGTGGGGATTGGGCTGGAGGTGTTTGGGGCTCGACAAGCTGTGCGCAGATGAACCCCAGCTGCAATGCCTATGTTGCGAACCAGCCGCAGAGCTTTGGTGATGTGAGTGCAGTTTTCCAGGAGATGGAGGATGTTTTTGCTGATGATGAATAGA,MSFKSFFVFIPLLWHGATALPAGPGAWPYGDSIIYSSPVDGQASAAYNLIDTYNASNWNSKFDVQDIADPTHGFVDYVNAQQAQQLGLMKTQNGQVYMGVDSTSHLNPNGPGRKSVRVQSKTAYNRALVIADFAHVPGSACGSWPAFWMVGPNWPNQGELDIYEGVHLANTNQVTLHTSPGCNPAIGPGGETGRRLAGDCGAGGGFNGCGVSADNPVTYGTPFNANGGGVYATLWTSSGIKVWYFATRNIPANIKSGNPDPATWGQPIANFGNGGCDFDARFRDMNIVFDITFCGDWAGGVWGSTSCAQMNPSCNAYVANQPQSFGDVSAVFQEMEDVFADDE,13427,14562
g3575.t1,ATGATGTCTAATACAGACACTACGCGCCAAAGCAGCGGTCGTCACACCCGCACCTCCTCACCAGCGACGCCGCGCCATCACTGCCGAGCACTCCTCCGGTCCCCAAACAACACAGGCATAGACAGATACTACCACGCGTCTCCAAACTGCGAACCCCTTTCCCCCAGCCCTAGCTGGCCTTCCTACGGCCACACGGCCCGATGCAGCGCCACAGCGCAACTCAATGCGCTCATCCATGAGCATCTCACGTGGCAGGAGAGCAGAGAGCGGCCGACGAGTCGGGGGACTATGTTTGTGGATTGGGATGGGAGCGGGGAGGTTGTGGTTTCGTATCGGAACGAAGGAAGATTCAATAGGAAGGAAGGAGGAGGAGAGTTGGATGGTGATGGTAAGGGGAATGGTAAAAGGGAGGAAGAGGAGGAGAGGAAGAAGTGGTGGATGGGTATGATTAAGAGTAAGGGTATGAGTCAAAGGGATATGATACCAGCGCCCCTCCGATCAACCCCACGTCGTAAGAATTCCGCGGCGTATAGACGGAAGGCTTTCTCTGCTCTACCGAGCAGAGAGGGAAGGAAGACATTGGTTACTCCTCTTCCTTCTTCTTCTTCTTCTTCTTCTTCTCGTCTTTCACACGCGTCTTTATCCCCCTCATCTCCGCCCTCCGCTAATACCCCAATCACCCCAAACATAACAGCAATATACCACCCCTCCATCTTCTCTCCTACCCTAAACACCCACCTCCCTAGCTATATAACTGGCCACGACGCATCCAACCAGCTCACCTACGACTACGACGGCCGCATCATACACGTGCACGGGCCTCCCACTAGCCAATCTGGCTCTCCGCTTTCAGTCTACTATGGACTCGACGTGGAGAAGTACAGTCCGGCAACGGAGGTCAGGCTGGTGGATACCGGGGTGGTGGGTAGTAGTGGGGTGGGGGAGAAGAAGAAGAAGAAGAAGAAGAAGAAGAAGAAGGGAGTGGGGAGGTGGGTGGACAAAGTTTTGGGGCGGTTGGAGGGGCTGGGGTTGTTGGGACGGTTGAGGGAGGATAGGAGGAAGGAGAGGGAGAGGAAGTGGATAAGGAGGGGTGGTGGTGGTGGATGAA,MMSNTDTTRQSSGRHTRTSSPATPRHHCRALLRSPNNTGIDRYYHASPNCEPLSPSPSWPSYGHTARCSATAQLNALIHEHLTWQESRERPTSRGTMFVDWDGSGEVVVSYRNEGRFNRKEGGGELDGDGKGNGKREEEEERKKWWMGMIKSKGMSQRDMIPAPLRSTPRRKNSAAYRRKAFSALPSREGRKTLVTPLPSSSSSSSSRLSHASLSPSSPPSANTPITPNITAIYHPSIFSPTLNTHLPSYITGHDASNQLTYDYDGRIIHVHGPPTSQSGSPLSVYYGLDVEKYSPATEVRLVDTGVVGSSGVGEKKKKKKKKKKKGVGRWVDKVLGRLEGLGLLGRLREDRRKERERKWIRRGGGGG,8458,9564
g2465.t1,CTACATCTCAGACACGGCCCTATGTACTGTCTCATCAAGATCCTCTTCTTGTAGTCCTAGTAAATCGTTGGCAAAGGTTTCCTTCTTCCTCCAGTCGGCAGCAACTACTCCCCACACGGCGACGACCTCCTCCCTTGCGTCCCCGTCTCCACTCAGCATCTTCGGTCTCGACACCTTCAGCTCTTCCTCGCTGTTCTGGTCGATCCGCTCAAACTTGGCGCCAGTGGCCTTCTCTAATGCAGCGAGAACCTCTAGTTGGGTGACGTAATGGCTATGAATATAAAAAACCTTGTTCGCCGTTGCATCCGGCTTCTCCAAAACCTTGATAACTGCCTTGCCGATAAAGTCCAAATTCGAGGCCGAGAACTTAATGTTGCCACCGTCTAGGATATATGCTTTGCGGCCCTTGACATCGAAGTTCAACAAACCGCAGGTAAGACCCCAATCGAAGAAGTGGCCAGTGATCAGACTCGTCCATGTGAACTTATCCACACCGTTTTCACGTTCTTTCTTTTCCAAGGTCTTAAGGTAGTCTCGGACCACCTCCTTTCCCTTCATCAGTGGCAGGATTTCGTTCGTCTTGTCGTCGGCGGAGTCGCAGCTTCCAAAATCGGCGGGCATGACGCGCTTCACCCCACCCTTGAAAGCAGCGTCAATGAGCTTCCTCTGTGACTCTACATGGCTGCCGGCGATGGTGATGATCAATGCGTCAATGTTGTTCTCCCGTAGAGCTCTCGCAACGCCATGGATGTCTAGATCATCAGGTATCGTTATAACCTTTGTTTTTGGGTACACTGATTTGGACGTCTGGCGATTGAGGACGAACACGTCAAACTCCGAAGCTTTGAGCGCATTGAGGACAGGTGCGCCGAGCGTTCCCGTACCACCGATGAGGGCGACGTTTGTTATTGCCATT,MAITNVALIGGTGTLGAPVLNALKASEFDVFVLNRQTSKSVYPKTKVITIPDDLDIHGVARALRENNIDALIITIAGSHVESQRKLIDAAFKGGVKRVMPADFGSCDSADDKTNEILPLMKGKEVVRDYLKTLEKKERENGVDKFTWTSLITGHFFDWGLTCGLLNFDVKGRKAYILDGGNIKFSASNLDFIGKAVIKVLEKPDATANKVFYIHSHYVTQLEVLAALEKATGAKFERIDQNSEEELKVSRPKMLSGDGDAREEVVAVWGVVAADWRKKETFANDLLGLQEEDLDETVHRAVSEM,71910,72824
g8355.t1,ATGGGTACGTAGCTGCCCGTCTCTTGGACCCCCCGTTTCGCGACCTCGACGCCCGTCTCATGCCGTGAGCTCGCTGCCCCCCAGGCGCACACACACACACACACACATACACGCACGCACGCACGCACGCACGCAATCGTAGTCAGGGCGGAACGTGCGGCAGGCACAAGGCAGTTTTGTTGCGGTCTGCTGTTGCCACGCCCCTCAACGTTGCTTTTCTTCCCCCCTGGCACCCCTGGCTAATCACTTCCCGCAGAATCCAACGGTGCTACTTCCCCTGCACCGCCCACGCGTGCGTCTCCTTCGCCTCCTGCCTCCTCCAGCGGCCTGGCTATGGACCAAACCATCACCGGCTCTAACCCAGCGGTCCACACCATCACGGCAAAGAACCCCAAGGCCGCAGCTGCCATGGCGAACGACATGAACATTGTGCGCAGAAAGCTCACGGGCTACGTTGGTTTCGCCAACCTGCCTAACCAGTGGCACCGCAAGAGTGTACGCAAGGGCTTCAACTTCAACGTTATGGTGGTTGGTATGTGTGCTGCTCCGCACTGAGTTGGCAATCGGAGCTAACGTGTCATGACAGGCGAGTCTGGACTCGGAAAGTCGACCCTTGTAAACACCCTCTTCAACACGTCGCTGTACCCGCCCAAGGAGCGCAAACCCCCGAGCCTGGACATTTCCAAGACTGTTTCGGTACAGTCCATCAGCGCCGACATCGAGGAGAACGGCGTTCGTCTCAGACTAACAGTCGTCGACACGCCCGGCTTCGGCGACTTCATCAACAACGATGAGTCCTGGGACCCCATCGTTAAGAACATTGAGCAACGGTTTGATGCCTACCTGGATGCCGAGAACAAAGTCAACCGTATGAACATTGTTGACAACCGCATCCACGCCGTCGTCTACTTCATCCAGCCCACCGGCCACTCCCTGAAGCCCATCGACATCGAAGTGATGAAGAAGCTTCACACCAAGGTCAACCTGATTCCCGTCATTGCCAAGGCCGACACCGTTACTGACGATGAAATCGACAACTACAAGAAGAGAGTACGTAAAGTGTCTGCAATTACCGAGCCTGGCTATGCTAACAAGACTAGATTCTTGCAGACATTGCCTACCACAAGATTCAGATCTTCGAAGGACCACGGTATGAGCTTGACGACGAGGAGACCATTGCCGAGAACCAGGAGATCATGGCCAAGGTGCCCTTTGCCGTTGTCGGATCTAACACCGAGGTCACGACGGTGGACGGCCGCAAGGTCCGTGGACGTGCGCTCCCCTGGGGTGTGGTTGAGGTGGACAATGAAGAACACTGTGACTTTGTCAAGCTCCGCCAGATGCTTATCCGCACTCACATGGAAGAGCTCAAGGAGAACACCAACAATGCCCTCTACGAGAACTACCGCTCGGAGAAGCTGGCAGGAATGGGCATCCAGCAAGACTCAAGCGTGTTCAAGGAGGTCAATCCTGCTGTCAAGCAGGAGGAGGAGCGCTCGCTGCACGAGGCCAAGCTCCAGAAAATGGAGATGGAGATGAAGATGGTGTTCCAGCAAAAGGTGCAGGAGAAGGAAAGCAAACTGCGCCAGAGCGAAGAAGAACTGTACGCTCGTCACAAAGAGATGAAGGACCAGCTAGACCGGCAACGACAGGAGCTCGAAGAGAAGAAGGCACGCATCGAGTCTGGCCGGCCGATCGAAGAGAAGGGCAAGAGAAAGGGTTTCTCTCTCCGCTAAG,MESNGATSPAPPTRASPSPPASSSGLAMDQTITGSNPAVHTITAKNPKAAAAMANDMNIVRRKLTGYVGFANLPNQWHRKSVRKGFNFNVMVVGESGLGKSTLVNTLFNTSLYPPKERKPPSLDISKTVSVQSISADIEENGVRLRLTVVDTPGFGDFINNDESWDPIVKNIEQRFDAYLDAENKVNRMNIVDNRIHAVVYFIQPTGHSLKPIDIEVMKKLHTKVNLIPVIAKADTVTDDEIDNYKKRILADIAYHKIQIFEGPRYELDDEETIAENQEIMAKVPFAVVGSNTEVTTVDGRKVRGRALPWGVVEVDNEEHCDFVKLRQMLIRTHMEELKENTNNALYENYRSEKLAGMGIQQDSSVFKEVNPAVKQEEERSLHEAKLQKMEMEMKMVFQQKVQEKESKLRQSEEELYARHKEMKDQLDRQRQELEEKKARIESGRPIEEKGKRKGFSLR,22375,24110
g18.t1,CTAGTCGGACTTTTGGTCAGGCTCGAAGAAGACCTTGCGTGTTATCTGCCTCATGGTTAGCGCATATGCTGACTTTGAGGACTGCGAAACTTACCGCCCAGCCTCCGGCTACAGAGGCGCAAATACCCGAACTGATGGCCATTTGCCTTGTCCCTCGTGTGCTCTTGAAGAGGGCACCGCTCAATGCGCCTGCCACGACGCTGTTGCTCATCTCGTGTTTCCCCCGGTAGTAGCCGATAGTGCTGTTCATTCCATTGTAGACCATGGCAATCACTCCCGCACTGTTTCCCAAGAAGGGCCCTCTCCGCGTTATCGCATTGAGCACGCCGTTGATGCGCAACCGCGGCGGCATGCTGGGCGGGTTCTTTTGGAGTCCCTCGGCAAGTCCCCATGCACCTCCAATTGTCAGCGCTGATAGGTAGGATACCCCGGTGCCATAACACAAGTCGTCTGACCAGCCGCGGGACGGGAGAGCTGATTGCGAGCCAGGTAAATCGGATGGGAGCTGGTCTTCGAGCGAGAGGTAGTCGAGCGTGTCTTGATTCAGGCCGGCAAGAGGATGCAGTTGCGATGGGTCGAGAAGGAACTCCGAGGGGTTCTGGATGGCCGTACTGGGGTCGAAGGGTGTGGGCTGGAAAGTGTCTTCTTTCGCAAAGTCGGTATTTTGGGGCGATTGTGGTGCGGCCTCAGCGGACTTGCGTCCGGTCAACGAGTCCCAGCTATCGTCGGCGTCAGCAAGTTTGGCGTGCATGGGATGCACGTGGGCAAATGCACATACATTCCCATT,MGIWDSLTGRKSAEAAPQSPQNTDFAKEDTFQPTPFDPSTAIQNPSEFLLDPSQLHPLAGLNQDTLDYLSLEDQLPSDLPGSQSALPSRGWSDDLCYGTGVSYLSALTIGGAWGLAEGLQKNPPSMPPRLRINGVLNAITRRGPFLGNSAGVIAMVYNGMNSTIGYYRGKHEMSNSVVAGALSGALFKSTRGTRQMAISSGICASVAGGWAITRKVFFEPDQKSD,69266,70051
